create database MANAGEMENT;
use MANAGEMENT;
create table ADMIN(
id int NOT NULL,
Fname varchar(255) NOT NULL,
Lname varchar(255) NOT NULL,
password varchar(255) NOT NULL,
PRIMARY KEY (id)
);
create table STAFF_MEMBERS(
Member_id int NOT NULL,
Fname varchar(255) NOT NULL,
Lname varchar(255) NOT NULL,
password varchar(255) NOT NULL,
Dept_no varchar(255),
DOB DATE NOT NULL,
Grade_id int NOT NULL,
DOJ DATE  NOT NULL,
PRIMARY KEY (Member_id)
);
create table DEPARTMENT(
Dept_no int NOT NULL,
HOD varchar(255) NOT NULL,
Dname varchar(255) NOT NULL,
PRIMARY KEY (Dept_no)
);
create table PAY_GRADE(
Grade_id int NOT NULL,
Grade varchar(255) NOT NULL,
Grade_base long NOT NULL,
Grade_pf LONG,
Grade_bonus long,
PRIMARY KEY (Grade_id)
);
create table PAYROLL(
T_id varchar(255),
Member_id int NOT NULL,
T_date DATE  NOT NULL,
Net_salary long NOT NULL,
PRIMARY KEY (T_id)
);
create table LEAVES(
Application_no int NOT NULL,
Member_id int NOT NULL,
Start_date DATE  NOT NULL,
End_date DATE  NOT NULL,
Granted char NOT NULL,
CHECK (Granted='Y' OR Granted='N'),
PRIMARY KEY (Application_no)
);
INSERT INTO ADMIN
VALUES ('1', 'Yashraj', 'Bhargava', 'yrb2002'), 
('2', 'Nishi', 'Vitalkar', 'nv2001'), 
('3', 'Prachi', 'Suryawanshi', 'ps2000');

INSERT INTO STAFF_MEMBERS
VALUES ('202201', 'Aaradhya', 'Jain','ag1111', 'NULL', '1978-03-29', '101', '2003-04-23'),
('202202', 'Aashu', 'Goyal','aag2220', '2', '1978-02-21', '102', '2002-04-23'),
('202203', 'Raj', 'Duneriya','rd1231', '2', '1977-08-05', '103', '2002-04-17'),
('202204', 'Aditya', 'Kapoor','aaa111', '2', '1977-03-29', '104', '2000-12-02'),
('202205', 'Ahmed', 'Zaidi','ag1111', '2', '1978-03-29', '105', '2003-04-23'),
('202206', 'Ishan', 'Khattar','iskh211', 'NULL', '1979-09-15', '106', '2004-07-21'),
('202207', 'Riya', 'Bansal','rbn2011', 'NULL', '1976-12-09', '107', '2001-02-26'),
('202208', 'Ritu', 'Thakur','rt8999', 'NULL', '1975-11-19', '108', '2000-08-18'),
('202209', 'Asmita', 'Manhar','asmi2000', '3', '1988-10-11', '102', '2010-12-03'),
('202210', 'Ashish', 'Sahu','as1009', '3', '1980-10-17', '103', '2010-01-23'),
('202211', 'Roshan', 'Singh','rs250', '3', '1991-03-01', '104', '2010-08-13'),
('202212', 'Priya', 'Mehra','pm2223', '3', '2000-01-28', '105', '2021-04-23'),
('202213', 'Sumit', 'Raghuwanshi','srt2299', 'NULL', '1977-12-21', '106', '2016-10-12'),
('202214', 'Babita', 'Saxena','bss2002', 'NULL', '1982-11-19', '107', '2016-03-30'),
('202215', 'Akash', 'Gupta','akg1111', 'NULL', '1985-09-13', '108', '2010-04-23'),
('202216', 'Bhakti', 'Rajput','br2001', '4', '1982-11-11', '102', '2012-04-13'),
('202217', 'Raj', 'Sharma','rs9999', '4', '1978-12-01', '103', '2008-10-30'),
('202218', 'Yasmeen', 'Mansoori','ym1999', '4', '1990-09-10', '104', '2015-04-13'),
('202219', 'Devraj', 'Rathi','dr1100', '4', '1982-01-15', '105', '2012-08-30'),
('202220', 'Akshat', 'Sharma','aks0000', 'NULL', '1976-02-18', '106', '2002-01-13'),
('202221', 'Bharat', 'Singh','bsh2222', 'NULL', '1990-04-01', '107', '2014-07-03'),
('202222', 'Anjali', 'Sharma','ajs0999', 'NULL', '1980-01-11', '108', '2005-06-30'),
('202223', 'Vanshika', 'Rajput','vr3434', '5', '1981-02-12', '102', '2016-05-21'),
('202224', 'Shruti', 'Jain','sj1234', '5', '1982-03-13', '103', '2010-06-22'),
('202225', 'Dinesh', 'Rajput','dr5678', '5', '1983-04-15', '104', '2011-07-23'),
('202226', 'Raj', 'Patel','rj1234', '5', '1984-05-16', '105', '2012-08-24'),
('202227', 'Manav', 'Chhabra','mnv1234', 'NULL', '1985-06-02', '106', '2010-09-25'),
('202228', 'Aditya', 'Pathak','ap5678', 'NULL', '1986-07-08', '107', '2011-10-26'),
('202229', 'Rishabh', 'Thakur','rt1234', 'NULL', '1987-08-02', '108', '2012-03-27'),
('202230', 'Sanjana', 'Kumari','sk5678', '1', '1988-09-30', '102', '2020-02-28'),
('202231', 'Sandeep', 'Patidar','sp1234', '1', '1989-10-10', '103', '2022-09-29'),
('202232', 'Nischal', 'Jha','nj5678', '1', '1990-11-11', '104', '2022-01-30'),
('202233', 'Raghav', 'Goyal','rg0000', '1', '1981-12-12', '105', '2010-02-01'),
('202234', 'Shreyas', 'Tiwari','st1234', 'NULL', '1982-01-13', '106', '2001-03-02'),
('202235', 'Parth', 'Jagtap','pj5678', 'NULL', '1983-02-14', '107', '2003-04-03'),
('202236', 'Monty', 'Patidar','mp0000', 'NULL', '1984-03-15', '108', '2005-05-04'),
('202237', 'Rajendra', 'Jha','rj2345', '1', '1985-04-16', '103', '2015-06-05'),
('202238', 'Akash', 'Shrivastava','aks1234', '1', '1986-05-17', '104', '2017-07-06'),
('202239', 'Aman', 'Ghori','ag1234', 'NULL', '1987-06-18', '106', '2015-08-07'),
('202240', 'Gurdeep', 'Singh','gs5678', 'NULL', '1988-07-19', '107', '2016-09-08'),
('202241', 'Govind', 'Tiwari','gt1234', 'NULL', '1989-08-20', '108', '2015-10-09'),
('202242', 'Priya', 'Maheshwari','pmi1234', '2', '1990-09-21', '103', '2021-11-10'),
('202243', 'Priyansh', 'Sharma','ps5678', '2', '1975-10-22', '104', '2001-12-11'),
('202244', 'Karishma', 'Jain','kj0000', 'NULL', '1976-11-23', '106', '2000-01-12'),
('202245', 'Shilpa', 'Joshi','sj1111', 'NULL', '1977-12-24', '107', '2000-02-13'),
('202246', 'Pooja', 'Pandey','pp2222', 'NULL', '1978-01-25', '108', '2000-03-14'),
('202247', 'Sweety', 'Shukla','ss3333', '3', '1979-02-26', '103', '2010-04-15'),
('202248', 'Shobha', 'Prajapati','sp4444', '3', '1980-03-27', '104', '2011-05-16'),
('202249', 'Abhijeet', 'Tomar','at5555', 'NULL', '1981-04-28', '106', '2012-06-17'),
('202250', 'Dhananjay', 'Dubey','dd6666', 'NULL', '1982-05-29', '107', '2013-07-18'),
('202251', 'Vedanshu', 'Patidar','vp7777', 'NULL', '1983-06-30', '108', '2014-08-19'),
('202252', 'Samarth', 'Jain','sj8888', '4', '1984-07-01', '103', '2015-09-20'),
('202253', 'Aniket', 'Jha','aj9999', '4', '1985-08-02', '104', '2016-10-21'),
('202254', 'Siddharth', 'Shukla','ss1212', 'NULL', '1986-09-03', '106', '2018-11-22'),
('202255', 'Naveen', 'Singh','ns2323', 'NULL', '1987-10-04', '107', '2004-12-23'),
('202256', 'Gyanendra', 'Patidar','gp3434', 'NULL', '1988-11-05', '108', '2003-01-24'),
('202257', 'Pushpendra', 'Kale','pk4545', '5', '1989-12-06', '103', '2010-02-25'),
('202258', 'Yogesh', 'Patil','yp5656', '5', '1990-01-07', '104', '2015-03-26'),
('202259', 'Vinod', 'Patel','vp6767', 'NULL', '1980-02-08', '106', '2003-04-27'),
('202260', 'Dinesh', 'Jain','dj6969', 'NULL', '1980-03-09', '107', '2007-05-28');

INSERT INTO DEPARTMENT
VALUES ('1', 'Sanjana Kumari','Computer Science'),
('2', 'Ashu Goyal','Information Technology'),
('3', 'Asmita Manhar','Electronics and Telecommunication'),
('4', 'Bhakti Rajput','Mechanical'),
('5', 'Vanshika Rajput','Civil');

INSERT INTO PAY_GRADE 
VALUES  ('101', 'Director', '4,08,000', '12,000', '20,000'),
('102', 'Head of Department', '3,08,000', '10,000', '15,000'),
('103', 'Professor', '2,00,000', '10,000', '10,000'),
('104', 'Assistant Professor', '1,00,000', '9,000', '8,000'),
('105', 'Visiting Faculty', '80,000', '8,000', '8,000'),
('106', 'Clerk', '50,000', '5,500', '6,000'),
('107', 'Peon', '35,000', '5,000', '6,000'),
('108', 'Security', '20,000', '4,000', '4,000');

INSERT INTO PAYROLL
VALUES ('110105760406', '202201', '2022-04-01-', '4,16,000'),
('110105761509', '202202', '2022-04-02', '3,22,000'),
('110105762345', '202203', '2022-04-03', '2,00,000'),
('110105765667', '202204', '2022-04-03', '99,000'),
('110105762333', '202205', '2022-04-03', '80,000'),
('110105766767', '202206', '2022-04-04', '50,500'),
('110105761122', '202207', '2022-04-04', '36,000'),
('110105761445', '202208', '2022-04-05', '20,000'),
('110105761778', '202209', '2022-04-02', '3,22,000'),
('110105761990', '202210', '2022-04-03', '2,00,000'),
('110105762009', '202211', '2022-04-03', '99,000'),
('110105763567', '202212', '2022-04-03', '80,000'),
('110105764623', '202213', '2022-04-04', '50,500'),
('110105768282', '202214', '2022-04-04', '36,000'),
('110105769045', '202215', '2022-04-05', '20,000'),
('110105767890', '202216', '2022-04-02', '3,22,000'),
('110105768910', '202217', '2022-04-03', '2,00,000'),
('110105761658', '202218', '2022-04-03', '99,000'),
('110105768888', '202219', '2022-04-03', '80,000'),
('110105765900', '202220', '2022-04-04', '50,500'),
('110105767777', '202221', '2022-04-04', '36,000'),
('110105768833', '202222', '2022-04-05', '20,000'),
('110105767543', '202223', '2022-04-02', '3,22,000'),
('110105760000', '202224', '2022-04-03', '2,00,000'),
('110105763690', '202225', '2022-04-03', '99,000'),
('110105763691', '202226', '2022-04-03', '80,000'),
('110105764693', '202227', '2022-04-04', '50,500'),
('110105764695', '202228', '2022-04-04', '36,000'),
('110105766666', '202229', '2022-04-05', '20,000'),
('110105766661', '202230', '2022-04-02', '3,22,000'),
('110105767772', '202231', '2022-04-03', '2,00,000'),
('110105765555', '202232', '2022-04-03', '99,000'),
('110105769995', '202233', '2022-04-03', '80,000'),
('110105761277', '202234', '2022-04-04', '50,500'),
('110105769811', '202235', '2022-04-04', '36,000'),
('110105769822', '202236', '2022-04-05', '20,000'),
('110105769733', '202237', '2022-04-03', '2,00,000'),
('110105769644', '202238', '2022-04-03', '99,000'),
('110105763333', '202239', '2022-04-04', '50,500'),
('110105762227', '202240', '2022-04-04', '36,000'),
('110105764444', '202241', '2022-04-05', '20,000'),
('110105764441', '202242', '2022-04-03', '2,00,000'),
('110105766653', '202243', '2022-04-03', '99,000'),
('110105761999', '202244', '2022-04-04', '50,500'),
('110105763000', '202245', '2022-04-04', '36,000'),
('110105764000', '202246', '2022-04-05', '20,000'),
('110105765001', '202247', '2022-04-03', '2,00,000'),
('110105765003', '202248', '2022-04-03', '99,000'),
('110105765006', '202249', '2022-04-04', '50,500'),
('110105766000', '202250', '2022-04-04', '36,000'),
('110105767100', '202251', '2022-04-05', '20,000'),
('110105768001', '202252', '2022-04-03', '2,00,000'),
('110105768006', '202253', '2022-04-03', '99,000'),
('110105768010', '202254', '2022-04-04', '50,500'),
('110105768020', '202255', '2022-04-04', '36,000'),
('110105768031', '202256', '2022-04-05', '20,000'),
('110105769000', '202257', '2022-04-03', '2,00,000'),
('110105769022', '202258', '2022-04-03', '99,000'),
('110105769144', '202259', '2022-04-04', '50,500'),
('110105769773', '202260', '2022-04-04', '36,000');

INSERT INTO LEAVES
VALUES ('552010', '202203', '2022-01-27', '2022-01-31', 'Y'),
('552011', '202241', '2022-03-22', '2022-03-23', 'Y'),
('552012', '202218', '2022-02-17', '2022-02-23', 'N'),
('552013', '202249', '2021-11-17', '2021-11-18', 'Y'),
('552014', '202251', '2021-09-27', '2021-09-30', 'Y'),
('552015', '202218', '2022-02-01', '2022-01-10', 'N'),
('552016', '202202', '2022-01-27', '2022-01-30', 'Y'),
('552017', '202231', '2022-03-10', '2022-01-12', 'Y'),
('552018', '202253', '2022-01-04', '2022-01-05', 'Y'),
('552019', '202260', '2022-01-21', '2022-01-23', 'Y'),
('552020', '202218', '2021-12-18', '2021-12-23', 'N'),
('552021', '202229', '2021-11-12', '2021-11-18', 'Y'),
('552022', '202235', '2022-04-07', '2022-04-09', 'Y'),
('552023', '202260', '2022-02-07', '2022-01-08', 'Y'),
('552024', '202222', '2021-08-17', '2021-08-19', 'Y'),
('552025', '202217', '2021-08-06', '2021-08-08', 'N'),
('552026', '202219', '2021-09-02', '2021-09-04', 'Y'),
('552027', '202250', '2022-01-12', '2022-01-13', 'Y'),
('552028', '202230', '2022-01-21', '2022-01-22', 'N'),
('552029', '202242', '2021-10-21', '2021-10-22', 'Y'),
('552030', '202217', '2021-12-11', '2021-12-13', 'Y'),
('552031', '202255', '2021-11-08', '2021-11-09', 'Y'),
('552032', '202206', '2022-01-02', '2022-01-03', 'N'),
('552033', '202209', '2022-01-25', '2022-01-31', 'N'),
('552034', '202220', '2022-02-15', '2022-02-18', 'Y'),
('552035', '202239', '2022-02-26', '2022-03-03', 'Y'),
('552036', '202249', '2022-03-27', '2022-04-01', 'Y'),
('552037', '202215', '2022-03-03', '2022-03-06', 'Y'),
('552038', '202208', '2022-04-03', '2022-04-05', 'Y'),
('552039', '202211', '2022-04-15', '2022-04-16', 'Y');

